{"anger-Percentile":{"0":65.4267193059},"anticipation-Percentile":{"0":43.1135156212},"disgust-Percentile":{"0":49.4692206463},"fear-Percentile":{"0":55.2254228201},"joy-Percentile":{"0":41.7868109373},"negative-Percentile":{"0":57.259833309},"positive-Percentile":{"0":40.1023541453},"sadness-Percentile":{"0":41.9564263781},"surprise-Percentile":{"0":21.3793439587},"trust-Percentile":{"0":47.9348832675}}